日期,配额类型,开盘价,最高价,最低价,收盘价,涨幅,日成交量,日成交额,交易方式
2021-07-16,CEA,48.0,51.23,51.23,51.23,6.73,4103953.0,210230053.25,挂牌协议交易
2021-07-19,CEA,52.8,53.0,52.08,52.3,2.09,130800.0,6841289.0,挂牌协议交易
2021-07-20,CEA,52.92,54.0,52.9,53.28,1.87,162000.0,8631277.0,挂牌协议交易
2021-07-21,CEA,54.2,55.5,54.07,54.4,2.1,112000.0,6092830.0,挂牌协议交易
2021-07-21,CEA,54.2,55.5,54.07,54.4,2.1,100000.0,5292000.0,大宗协议交易
2021-07-22,CEA,55.3,58.5,54.3,55.52,2.06,112200.0,6229088.0,挂牌协议交易
2021-07-23,CEA,56.52,61.07,55.52,56.97,2.61,112000.0,6380260.0,挂牌协议交易
2021-07-26,CEA,54.5,54.85,53.98,54.46,-4.41,48000.0,2614220.0,挂牌协议交易
2021-07-27,CEA,52.2,55.76,51.34,54.63,0.31,74211.0,4054248.14,挂牌协议交易
2021-07-28,CEA,52.03,56.8,52.03,52.5,-3.9,72747.0,3819063.49,挂牌协议交易
2021-07-28,CEA,52.03,56.8,52.03,52.5,-3.9,800000.0,32784000.0,大宗协议交易
2021-07-29,CEA,52.9,54.88,50.98,52.96,0.88,84026.0,4450253.42,挂牌协议交易
2021-07-30,CEA,52.96,58.1,51.5,54.17,2.28,40000.0,2166806.0,挂牌协议交易
2021-08-02,CEA,50.35,55.3,50.35,51.99,-4.02,42022.0,2184609.4,挂牌协议交易
2021-08-03,CEA,48.0,57.0,48.0,53.44,2.79,45005.0,2405040.0,挂牌协议交易
2021-08-04,CEA,58.7,58.7,58.7,58.7,9.84,20000.0,1174000.0,挂牌协议交易
2021-08-05,CEA,52.85,59.0,52.85,54.9,-6.47,60000.0,3294000.0,挂牌协议交易
2021-08-06,CEA,52.96,52.96,52.96,52.96,-3.53,20000.0,1059200.0,挂牌协议交易
2021-08-09,CEA,53.3,58.26,53.3,53.32,0.68,3010.0,160482.6,挂牌协议交易
2021-08-09,CEA,53.3,58.26,53.3,53.32,0.68,279856.0,14100693.72,大宗协议交易
2021-08-10,CEA,55.32,55.32,55.32,55.32,3.75,20000.0,1106400.0,挂牌协议交易
2021-08-11,CEA,55.9,55.9,55.9,55.9,1.05,20000.0,1118000.0,挂牌协议交易
2021-08-12,CEA,52.0,55.7,52.0,55.43,-0.84,6001.0,332652.0,挂牌协议交易
2021-08-13,CEA,55.43,55.43,54.0,54.0,-2.58,51001.0,2754055.43,挂牌协议交易
2021-08-16,CEA,51.0,51.0,51.0,51.0,-5.56,10.0,510.0,挂牌协议交易
2021-08-16,CEA,51.0,51.0,51.0,51.0,-5.56,500000.0,25750000.0,大宗协议交易
2021-08-17,CEA,52.0,52.5,51.2,51.76,1.49,7001.0,362352.0,挂牌协议交易
2021-08-18,CEA,51.8,52.0,51.8,51.87,0.21,3000.0,155600.0,挂牌协议交易
2021-08-19,CEA,52.0,52.0,50.0,50.49,-2.66,4001.0,202002.0,挂牌协议交易
2021-08-20,CEA,49.0,49.0,49.0,49.0,-2.95,8000.0,392000.0,挂牌协议交易
2021-08-20,CEA,49.0,49.0,49.0,49.0,-2.95,900000.0,37350000.0,大宗协议交易
2021-08-23,CEA,49.0,50.2,49.0,50.2,2.45,3002.0,150698.0,挂牌协议交易
2021-08-24,CEA,50.19,50.2,50.17,50.2,0.0,2002.0,100500.36,挂牌协议交易
2021-08-25,CEA,49.0,49.0,47.0,47.64,-5.1,35210.0,1677280.0,挂牌协议交易
2021-08-25,CEA,49.0,49.0,47.0,47.64,-5.1,250000.0,11493000.0,大宗协议交易
2021-08-26,CEA,45.0,47.65,45.0,47.64,0.0,4212.0,200673.0,挂牌协议交易
2021-08-27,CEA,44.0,45.1,44.0,45.09,-5.35,101.0,4554.0,挂牌协议交易
2021-08-27,CEA,44.0,45.1,44.0,45.09,-5.35,205000.0,9020000.0,大宗协议交易
2021-08-30,CEA,45.09,45.22,45.09,45.16,0.16,35.0,1580.75,挂牌协议交易
2021-08-31,CEA,45.16,45.5,45.16,45.35,0.42,23.0,1043.1,挂牌协议交易
2021-09-01,CEA,45.35,46.0,44.21,45.19,-0.35,30.0,1355.6,挂牌协议交易
2021-09-02,CEA,44.66,44.66,44.66,44.66,-1.17,50.0,2233.0,挂牌协议交易
2021-09-03,CEA,44.66,45.0,44.66,44.67,0.02,520.0,23230.0,挂牌协议交易
2021-09-06,CEA,44.0,44.0,44.0,44.0,-1.5,10.0,440.0,挂牌协议交易
2021-09-07,CEA,43.8,44.0,43.8,43.9,-0.23,2000.0,87800.0,挂牌协议交易
2021-09-08,CEA,42.9,42.9,42.9,42.9,-2.28,40.0,1716.0,挂牌协议交易
2021-09-09,CEA,42.0,42.0,41.8,41.99,-2.12,1222.0,51306.1,挂牌协议交易
2021-09-10,CEA,44.0,44.0,44.0,44.0,4.79,3040.0,133760.0,挂牌协议交易
2021-09-13,CEA,46.0,46.0,44.1,45.62,3.68,50.0,2281.0,挂牌协议交易
2021-09-14,CEA,42.0,50.18,41.6,45.54,-0.18,3950.0,179877.5,挂牌协议交易
2021-09-15,CEA,45.0,45.0,45.0,45.0,-1.19,50.0,2250.0,挂牌协议交易
2021-09-16,CEA,47.0,47.0,44.0,44.94,-0.13,6140.0,275930.0,挂牌协议交易
2021-09-17,CEA,42.0,44.8,42.0,43.43,-3.36,21900.0,951212.0,挂牌协议交易
2021-09-22,CEA,43.0,43.35,42.5,43.24,-0.44,4231.0,182936.1,挂牌协议交易
2021-09-23,CEA,43.24,44.0,43.24,43.85,1.41,2500.0,109620.0,挂牌协议交易
2021-09-24,CEA,46.0,46.0,42.2,44.36,1.16,4841.0,214742.2,挂牌协议交易
2021-09-27,CEA,44.35,44.35,42.01,43.59,-1.74,15841.0,690546.5,挂牌协议交易
2021-09-28,CEA,43.49,43.5,42.05,42.22,-3.14,56000.0,2364470.0,挂牌协议交易
2021-09-29,CEA,41.0,43.5,41.0,41.84,-0.9,31768.0,1329268.0,挂牌协议交易
2021-09-29,CEA,41.0,43.5,41.0,41.84,-0.9,580000.0,23830000.0,大宗协议交易
2021-09-30,CEA,41.84,45.8,41.84,42.21,0.88,71024.0,2997655.76,挂牌协议交易
2021-09-30,CEA,41.84,45.8,41.84,42.21,0.88,8403359.0,351159740.56,大宗协议交易
2021-10-08,CEA,44.45,44.45,42.21,44.08,4.43,3000.0,132230.0,挂牌协议交易
2021-10-11,CEA,44.06,48.49,43.1,46.03,4.42,5024.0,231240.46,挂牌协议交易
2021-10-12,CEA,45.2,45.2,44.5,44.67,-2.95,18462.0,824659.0,挂牌协议交易
2021-10-12,CEA,45.2,45.2,44.5,44.67,-2.95,385539.0,16921306.71,大宗协议交易
2021-10-13,CEA,44.8,44.8,43.98,44.68,0.02,77386.0,3457873.94,挂牌协议交易
2021-10-14,CEA,44.0,44.0,43.8,43.96,-1.61,3482.0,153055.0,挂牌协议交易
2021-10-15,CEA,43.96,44.0,43.8,43.9,-0.14,8200.0,359968.0,挂牌协议交易
2021-10-18,CEA,45.7,45.7,43.1,43.44,-1.05,4688.0,203629.78,挂牌协议交易
2021-10-18,CEA,45.7,45.7,43.1,43.44,-1.05,520000.0,21580000.0,大宗协议交易
2021-10-19,CEA,43.43,43.44,43.43,43.43,-0.02,2028.0,88076.32,挂牌协议交易
2021-10-19,CEA,43.43,43.44,43.43,43.43,-0.02,100000.0,4000000.0,大宗协议交易
2021-10-20,CEA,43.5,43.5,41.5,43.24,-0.44,2860.0,123662.0,挂牌协议交易
2021-10-20,CEA,43.5,43.5,41.5,43.24,-0.44,100000.0,4150000.0,大宗协议交易
2021-10-21,CEA,45.0,45.0,42.8,43.03,-0.49,80200.0,3451130.0,挂牌协议交易
2021-10-21,CEA,45.0,45.0,42.8,43.03,-0.49,120000.0,4980000.0,大宗协议交易
2021-10-22,CEA,44.5,44.5,42.5,42.99,-0.09,30760.0,1322513.8,挂牌协议交易
2021-10-25,CEA,46.0,46.0,42.16,43.24,0.58,12501.0,540537.16,挂牌协议交易
2021-10-26,CEA,43.0,43.0,42.4,42.65,-1.36,87882.0,3748485.0,挂牌协议交易
2021-10-27,CEA,38.5,42.75,38.5,42.61,-0.09,10635.0,453171.25,挂牌协议交易
2021-10-27,CEA,38.5,42.75,38.5,42.61,-0.09,300000.0,12550000.0,大宗协议交易
2021-10-28,CEA,42.61,42.8,42.61,42.77,0.38,3500.0,149705.0,挂牌协议交易
2021-10-29,CEA,42.5,42.6,42.2,42.41,-0.84,56823.0,2410104.2,挂牌协议交易
2021-10-29,CEA,42.5,42.6,42.2,42.41,-0.84,620000.0,25595000.0,大宗协议交易
2021-11-01,CEA,42.41,42.54,42.3,42.45,0.09,81792.0,3472375.83,挂牌协议交易
2021-11-01,CEA,42.41,42.54,42.3,42.45,0.09,1437744.0,59837822.87,大宗协议交易
2021-11-02,CEA,42.45,42.45,42.4,42.43,-0.05,78500.0,3330975.0,挂牌协议交易
2021-11-02,CEA,42.45,42.45,42.4,42.43,-0.05,320000.0,13120000.0,大宗协议交易
2021-11-03,CEA,42.43,42.43,42.39,42.4,-0.07,7735.0,327962.05,挂牌协议交易
2021-11-04,CEA,42.4,42.4,42.0,42.33,-0.17,13400.0,567282.0,挂牌协议交易
2021-11-05,CEA,43.0,43.0,42.2,42.69,0.85,33010.0,1409087.05,挂牌协议交易
2021-11-08,CEA,42.69,42.8,42.5,42.58,-0.26,28499.0,1213568.5,挂牌协议交易
2021-11-09,CEA,42.58,43.0,42.5,42.73,0.35,28534.0,1219152.0,挂牌协议交易
2021-11-10,CEA,42.73,42.8,42.7,42.74,0.02,30719.0,1312819.82,挂牌协议交易
2021-11-10,CEA,42.73,42.8,42.7,42.74,0.02,1178517.0,50195031.41,大宗协议交易
2021-11-11,CEA,42.5,42.74,42.4,42.49,-0.58,23884.0,1014944.28,挂牌协议交易
2021-11-12,CEA,42.6,42.82,42.5,42.66,0.4,19859.0,847261.3,挂牌协议交易
2021-11-12,CEA,42.6,42.82,42.5,42.66,0.4,1430000.0,59825000.0,大宗协议交易
2021-11-15,CEA,42.66,43.2,42.66,42.93,0.63,26470.0,1136240.0,挂牌协议交易
2021-11-15,CEA,42.66,43.2,42.66,42.93,0.63,300000.0,12300000.0,大宗协议交易
2021-11-16,CEA,42.93,43.4,42.93,43.16,0.54,139500.0,6020495.0,挂牌协议交易
2021-11-16,CEA,42.93,43.4,42.93,43.16,0.54,1650000.0,68095000.0,大宗协议交易
2021-11-17,CEA,46.0,46.0,42.95,43.12,-0.09,86406.0,3726164.92,挂牌协议交易
2021-11-17,CEA,46.0,46.0,42.95,43.12,-0.09,300000.0,12510000.0,大宗协议交易
2021-11-18,CEA,43.12,43.5,42.95,43.16,0.09,48608.0,2098160.8,挂牌协议交易
2021-11-18,CEA,43.12,43.5,42.95,43.16,0.09,1311838.0,42576470.84,大宗协议交易
2021-11-19,CEA,43.5,43.5,43.0,43.05,-0.25,72949.0,3140096.9,挂牌协议交易
2021-11-19,CEA,43.5,43.5,43.0,43.05,-0.25,1246829.0,37666704.09,大宗协议交易
2021-11-22,CEA,43.1,43.1,42.85,43.05,0.0,197816.0,8515376.35,挂牌协议交易
2021-11-23,CEA,43.5,43.5,42.98,43.06,0.02,178974.0,7706348.8,挂牌协议交易
2021-11-24,CEA,43.0,43.0,42.88,42.96,-0.23,307593.0,13215287.26,挂牌协议交易
2021-11-24,CEA,43.0,43.0,42.88,42.96,-0.23,1593635.0,66437578.0,大宗协议交易
2021-11-25,CEA,42.96,43.0,42.9,42.96,0.0,267994.0,11513631.35,挂牌协议交易
2021-11-25,CEA,42.96,43.0,42.9,42.96,0.0,480000.0,20076000.0,大宗协议交易
2021-11-26,CEA,42.8,42.9,42.79,42.85,-0.26,549229.0,23533315.22,挂牌协议交易
2021-11-26,CEA,42.8,42.9,42.79,42.85,-0.26,3556213.0,150402537.7,大宗协议交易
2021-11-29,CEA,43.2,43.2,42.87,42.92,0.16,394710.0,16942920.82,挂牌协议交易
2021-11-29,CEA,43.2,43.2,42.87,42.92,0.16,2578421.0,106549208.1,大宗协议交易
2021-11-30,CEA,42.98,43.0,42.9,42.95,0.07,344048.0,14778355.94,挂牌协议交易
2021-11-30,CEA,42.98,43.0,42.9,42.95,0.07,2686319.0,112337492.84,大宗协议交易
2021-12-01,CEA,42.95,42.99,42.95,42.97,0.05,701627.0,30148083.95,挂牌协议交易
2021-12-01,CEA,42.95,42.99,42.95,42.97,0.05,1866095.0,78286288.9,大宗协议交易
2021-12-02,CEA,42.97,43.0,40.0,42.88,-0.21,750085.0,32161216.13,挂牌协议交易
2021-12-02,CEA,42.97,43.0,40.0,42.88,-0.21,1921051.0,76670299.88,大宗协议交易
2021-12-03,CEA,43.0,43.0,42.85,42.94,0.14,782345.0,33591302.44,挂牌协议交易
2021-12-03,CEA,43.0,43.0,42.85,42.94,0.14,2144185.0,86088736.0,大宗协议交易
2021-12-06,CEA,42.89,42.92,42.5,42.79,-0.35,430284.0,18411691.61,挂牌协议交易
2021-12-06,CEA,42.89,42.92,42.5,42.79,-0.35,2862848.0,119124197.97,大宗协议交易
2021-12-07,CEA,42.5,42.6,40.4,42.13,-1.54,367717.0,15490200.26,挂牌协议交易
2021-12-07,CEA,42.5,42.6,40.4,42.13,-1.54,4041746.0,155708232.65,大宗协议交易
2021-12-08,CEA,42.42,42.42,40.91,41.46,-1.59,458710.0,19017602.53,挂牌协议交易
2021-12-08,CEA,42.42,42.42,40.91,41.46,-1.59,3888367.0,149322129.86,大宗协议交易
2021-12-09,CEA,42.89,42.89,41.2,41.56,0.24,936350.0,38916721.44,挂牌协议交易
2021-12-09,CEA,42.89,42.89,41.2,41.56,0.24,5019815.0,194114426.28,大宗协议交易
2021-12-10,CEA,42.0,43.19,42.0,42.69,2.72,1605304.0,68531005.18,挂牌协议交易
2021-12-10,CEA,42.0,43.19,42.0,42.69,2.72,5915915.0,240059751.03,大宗协议交易
2021-12-13,CEA,43.5,43.5,42.6,42.95,0.61,1587253.0,68167517.21,挂牌协议交易
2021-12-13,CEA,43.5,43.5,42.6,42.95,0.61,6436821.0,243306624.84,大宗协议交易
2021-12-14,CEA,42.68,43.32,42.68,42.93,-0.05,2461201.0,105670179.8,挂牌协议交易
2021-12-14,CEA,42.68,43.32,42.68,42.93,-0.05,12419569.0,521026099.22,大宗协议交易
2021-12-15,CEA,42.72,44.0,42.72,43.06,0.3,1052579.0,45324379.55,挂牌协议交易
2021-12-15,CEA,42.72,44.0,42.72,43.06,0.3,6573605.0,239610944.33,大宗协议交易
2021-12-16,CEA,43.65,45.2,43.15,44.22,2.69,901715.0,39874009.6,挂牌协议交易
2021-12-16,CEA,43.65,45.2,43.15,44.22,2.69,19579226.0,777344108.35,大宗协议交易
2021-12-17,CEA,44.5,46.99,44.5,46.66,5.52,645303.0,30112395.39,挂牌协议交易
2021-12-17,CEA,44.5,46.99,44.5,46.66,5.52,2014648.0,83522909.39,大宗协议交易
2021-12-20,CEA,47.5,51.33,45.01,49.18,5.4,1160785.0,57088833.17,挂牌协议交易
2021-12-20,CEA,47.5,51.33,45.01,49.18,5.4,2184333.0,93734159.94,大宗协议交易
2021-12-21,CEA,48.6,51.0,48.6,49.49,0.63,829197.0,41036548.45,挂牌协议交易
2021-12-21,CEA,48.6,51.0,48.6,49.49,0.63,2312844.0,107097518.15,大宗协议交易
2021-12-22,CEA,49.49,49.49,49.25,49.39,-0.2,736063.0,36355479.38,挂牌协议交易
2021-12-22,CEA,49.49,49.49,49.25,49.39,-0.2,2534540.0,110077085.1,大宗协议交易
2021-12-23,CEA,49.46,49.79,49.45,49.57,0.36,1328920.0,65870679.69,挂牌协议交易
2021-12-23,CEA,49.46,49.79,49.45,49.57,0.36,5294432.0,240176058.2,大宗协议交易
2021-12-24,CEA,49.8,49.8,49.29,49.52,-0.1,534403.0,26461141.83,挂牌协议交易
2021-12-24,CEA,49.8,49.8,49.29,49.52,-0.1,3207247.0,147122307.2,大宗协议交易
2021-12-27,CEA,49.64,49.7,47.0,48.13,-2.81,566528.0,27266851.84,挂牌协议交易
2021-12-27,CEA,49.64,49.7,47.0,48.13,-2.81,3024070.0,133347488.72,大宗协议交易
2021-12-28,CEA,52.8,52.94,48.6,51.69,7.4,1084789.0,56075823.1,挂牌协议交易
2021-12-28,CEA,52.8,52.94,48.6,51.69,7.4,3808055.0,156772307.59,大宗协议交易
2021-12-29,CEA,54.5,56.86,54.5,56.64,9.58,1048544.0,59388506.55,挂牌协议交易
2021-12-29,CEA,54.5,56.86,54.5,56.64,9.58,4835467.0,216654047.3,大宗协议交易
2021-12-30,CEA,62.0,62.29,53.0,57.06,0.74,1382607.0,78889513.13,挂牌协议交易
2021-12-30,CEA,62.0,62.29,53.0,57.06,0.74,9360636.0,495235880.24,大宗协议交易
2021-12-31,CEA,55.0,56.0,53.5,54.22,-4.98,423847.0,22980366.7,挂牌协议交易
2021-12-31,CEA,55.0,56.0,53.5,54.22,-4.98,2535969.0,132872673.28,大宗协议交易
2022-01-04,CEA,59.64,59.64,54.23,57.29,5.66,2001.0,114629.64,挂牌协议交易
2022-01-04,CEA,59.64,59.64,54.23,57.29,5.66,329094.0,18758358.0,大宗协议交易
2022-01-05,CEA,56.0,57.5,56.0,56.94,-0.61,101182.0,5761727.1,挂牌协议交易
2022-01-05,CEA,56.0,57.5,56.0,56.94,-0.61,638587.0,33509874.16,大宗协议交易
2022-01-06,CEA,55.5,57.8,55.5,57.26,0.56,86408.0,4948059.5,挂牌协议交易
2022-01-06,CEA,55.5,57.8,55.5,57.26,0.56,255414.0,14031295.2,大宗协议交易
2022-01-07,CEA,57.5,58.0,56.1,57.59,0.58,366101.0,21082978.1,挂牌协议交易
2022-01-07,CEA,57.5,58.0,56.1,57.59,0.58,2804944.0,148321457.0,大宗协议交易
2022-01-10,CEA,58.5,58.5,58.0,58.28,1.2,45412.0,2646431.98,挂牌协议交易
2022-01-10,CEA,58.5,58.5,58.0,58.28,1.2,1748975.0,77845373.34,大宗协议交易
2022-01-11,CEA,58.3,58.3,57.0,57.52,-1.3,26612.0,1530704.4,挂牌协议交易
2022-01-11,CEA,58.3,58.3,57.0,57.52,-1.3,138475.0,8100787.5,大宗协议交易
2022-01-12,CEA,57.99,57.99,57.99,57.99,0.82,100.0,5799.0,挂牌协议交易
2022-01-12,CEA,57.99,57.99,57.99,57.99,0.82,500000.0,28000000.0,大宗协议交易
2022-01-13,CEA,57.0,58.0,57.0,57.75,-0.41,135325.0,7815307.35,挂牌协议交易
2022-01-13,CEA,57.0,58.0,57.0,57.75,-0.41,455157.0,25261213.5,大宗协议交易
2022-01-14,CEA,57.74,57.9,57.6,57.77,0.03,173370.0,10014725.4,挂牌协议交易
2022-01-17,CEA,58.49,58.49,52.3,58.48,1.23,731.0,42750.0,挂牌协议交易
2022-01-18,CEA,58.5,58.5,58.5,58.5,0.03,100.0,5850.0,挂牌协议交易
2022-01-19,CEA,56.0,56.0,56.0,56.0,-4.27,52695.0,2950920.0,挂牌协议交易
2022-01-20,CEA,58.0,58.0,58.0,58.0,3.57,197.0,11426.0,挂牌协议交易
2022-01-21,CEA,52.2,57.5,52.2,57.46,-0.93,125.0,7182.2,挂牌协议交易
2022-01-24,CEA,51.71,57.99,51.71,57.87,0.71,109.0,6308.36,挂牌协议交易
2022-01-25,CEA,57.87,57.87,52.09,57.83,-0.07,151.0,8732.59,挂牌协议交易
2022-01-26,CEA,58.0,58.0,52.06,57.88,0.09,51.0,2952.06,挂牌协议交易
2022-01-27,CEA,56.0,56.0,56.0,56.0,-3.25,60.0,3360.0,挂牌协议交易
2022-01-28,CEA,58.88,61.6,58.88,61.38,9.61,1088.0,66781.44,挂牌协议交易
2022-02-07,CEA,58.08,58.08,58.08,58.08,0.0,30.0,1742.4,挂牌协议交易
2022-02-08,CEA,58.5,58.5,58.5,58.5,0.72,72148.0,4220658.0,挂牌协议交易
2022-02-09,CEA,58.5,58.5,58.5,58.5,0.0,50.0,2925.0,挂牌协议交易
2022-02-10,CEA,60.0,60.0,60.0,60.0,2.56,80.0,4800.0,挂牌协议交易
2022-02-11,CEA,55.0,60.0,55.0,56.15,-6.42,130.0,7300.0,挂牌协议交易
2022-02-14,CEA,50.54,58.8,50.54,58.41,4.02,21.0,1226.54,挂牌协议交易
2022-02-15,CEA,58.4,58.4,58.4,58.4,-0.02,20.0,1168.0,挂牌协议交易
2022-02-16,CEA,56.6,56.6,56.6,56.6,-3.08,2000.0,113200.0,挂牌协议交易
2022-02-17,CEA,56.5,56.5,56.5,56.5,-0.18,50.0,2825.0,挂牌协议交易
2022-02-18,CEA,56.88,56.88,56.88,56.88,0.67,60.0,3412.8,挂牌协议交易
2022-02-21,CEA,56.99,56.99,56.99,56.99,0.19,143.0,8149.57,挂牌协议交易
2022-02-22,CEA,57.0,58.0,51.3,56.78,-0.37,78402.0,4451554.0,挂牌协议交易
2022-02-23,CEA,57.5,57.5,56.0,56.49,-0.51,5030.0,284125.0,挂牌协议交易
2022-02-24,CEA,58.0,58.0,58.0,58.0,2.67,50.0,2900.0,挂牌协议交易
2022-02-25,CEA,58.0,59.0,58.0,58.53,0.91,33965.0,1988042.5,挂牌协议交易
2022-02-25,CEA,58.0,59.0,58.0,58.53,0.91,1359670.0,80220530.0,大宗协议交易
2022-02-28,CEA,52.68,59.0,52.68,57.74,-1.35,250.0,14434.0,挂牌协议交易
2022-02-28,CEA,52.68,59.0,52.68,57.74,-1.35,118516.0,5096188.0,大宗协议交易
2022-03-01,CEA,57.8,57.8,57.8,57.8,0.1,50.0,2890.0,挂牌协议交易
2022-03-02,CEA,57.8,58.9,57.8,57.9,0.17,110.0,6369.0,挂牌协议交易
2022-03-02,CEA,57.8,58.9,57.8,57.9,0.17,200000.0,11300000.0,大宗协议交易
2022-03-03,CEA,57.9,57.9,57.9,57.9,0.0,20.0,1158.0,挂牌协议交易
2022-03-04,CEA,57.9,57.9,57.9,57.9,0.0,150.0,8685.0,挂牌协议交易
2022-03-07,CEA,58.0,58.0,57.0,57.04,-1.49,520.0,29660.0,挂牌协议交易
2022-03-08,CEA,57.0,57.0,57.0,57.0,-0.07,500.0,28500.0,挂牌协议交易
2022-03-09,CEA,58.0,58.0,58.0,58.0,1.75,80.0,4640.0,挂牌协议交易
2022-03-10,CEA,57.0,57.9,57.0,57.26,-1.28,700.0,40080.0,挂牌协议交易
2022-03-11,CEA,57.6,57.6,57.6,57.6,0.59,60.0,3456.0,挂牌协议交易
2022-03-14,CEA,58.0,58.0,58.0,58.0,0.69,20.0,1160.0,挂牌协议交易
2022-03-15,CEA,58.0,58.0,57.5,57.77,-0.4,748.0,43214.9,挂牌协议交易
2022-03-15,CEA,58.0,58.0,57.5,57.77,-0.4,190656.0,10581408.0,大宗协议交易
2022-03-16,CEA,57.0,57.0,57.0,57.0,-1.33,520.0,29640.0,挂牌协议交易
2022-03-17,CEA,57.0,57.0,57.0,57.0,0.0,13010.0,741570.0,挂牌协议交易
2022-03-18,CEA,58.0,58.0,58.0,58.0,1.75,15.0,870.0,挂牌协议交易
2022-03-18,CEA,58.0,58.0,58.0,58.0,1.75,150000.0,8325000.0,大宗协议交易
2022-03-21,CEA,58.5,58.5,58.5,58.5,0.86,20.0,1170.0,挂牌协议交易
2022-03-22,CEA,58.0,58.0,58.0,58.0,-0.85,50.0,2900.0,挂牌协议交易
2022-03-23,CEA,58.4,58.4,58.4,58.4,0.69,60.0,3504.0,挂牌协议交易
2022-03-24,CEA,59.0,59.0,58.0,58.01,-0.67,81685.0,4738930.0,挂牌协议交易
2022-03-25,CEA,58.0,58.0,58.0,58.0,-0.02,15.0,870.0,挂牌协议交易
2022-03-28,CEA,58.0,58.0,58.0,58.0,0.0,15.0,870.0,挂牌协议交易
2022-03-29,CEA,58.5,58.5,58.5,58.5,0.86,50.0,2925.0,挂牌协议交易
2022-03-30,CEA,58.5,58.5,58.5,58.5,0.0,1500.0,87750.0,挂牌协议交易
2022-03-31,CEA,58.5,58.7,58.5,58.55,0.09,68000.0,3981600.0,挂牌协议交易
2022-04-01,CEA,58.5,58.5,58.5,58.5,-0.09,50.0,2925.0,挂牌协议交易
2022-04-06,CEA,60.0,60.0,60.0,60.0,2.56,4206.0,252360.0,挂牌协议交易
2022-04-07,CEA,59.0,59.0,59.0,59.0,-1.67,50.0,2950.0,挂牌协议交易
2022-04-08,CEA,59.0,60.0,59.0,59.99,1.68,789.0,47330.0,挂牌协议交易
2022-04-08,CEA,59.0,60.0,59.0,59.99,1.68,130000.0,7410000.0,大宗协议交易
2022-04-11,CEA,60.0,60.0,60.0,60.0,0.02,50.0,3000.0,挂牌协议交易
2022-04-12,CEA,60.0,60.0,60.0,60.0,0.0,10.0,600.0,挂牌协议交易
2022-04-12,CEA,60.0,60.0,60.0,60.0,0.0,100000.0,5750000.0,大宗协议交易
2022-04-13,CEA,60.0,60.0,60.0,60.0,0.0,10.0,600.0,挂牌协议交易
2022-04-14,CEA,60.0,60.0,60.0,60.0,0.0,10.0,600.0,挂牌协议交易
2022-04-15,CEA,60.0,60.0,60.0,60.0,0.0,10.0,600.0,挂牌协议交易
2022-04-15,CEA,60.0,60.0,60.0,60.0,0.0,275880.0,15725160.0,大宗协议交易
2022-04-18,CEA,60.0,60.0,60.0,60.0,0.0,10.0,600.0,挂牌协议交易
2022-04-19,CEA,60.0,60.0,60.0,60.0,0.0,50.0,3000.0,挂牌协议交易
2022-04-20,CEA,60.0,60.0,60.0,60.0,0.0,10.0,600.0,挂牌协议交易
2022-04-21,CEA,60.0,60.0,60.0,60.0,0.0,10.0,600.0,挂牌协议交易
2022-04-22,CEA,60.0,60.0,60.0,60.0,0.0,80.0,4800.0,挂牌协议交易
2022-04-25,CEA,60.0,60.0,60.0,60.0,0.0,10.0,600.0,挂牌协议交易
2022-04-25,CEA,60.0,60.0,60.0,60.0,0.0,280000.0,15120000.0,大宗协议交易
2022-04-26,CEA,60.0,60.0,60.0,60.0,0.0,10.0,600.0,挂牌协议交易
2022-04-26,CEA,60.0,60.0,60.0,60.0,0.0,319213.0,18354747.5,大宗协议交易
2022-04-27,CEA,60.0,60.0,59.0,59.0,-1.67,40010.0,2360600.0,挂牌协议交易
2022-04-28,CEA,59.0,59.0,59.0,59.0,0.0,10.0,590.0,挂牌协议交易
2022-04-29,CEA,58.0,59.0,58.0,58.8,-0.34,50.0,2940.0,挂牌协议交易
2022-04-29,CEA,58.0,59.0,58.0,58.8,-0.34,300000.0,17550000.0,大宗协议交易
2022-05-05,CEA,58.0,60.0,58.0,58.0,-1.36,100010.0,5800600.0,挂牌协议交易
2022-05-05,CEA,58.0,60.0,58.0,58.0,-1.36,110000.0,5940000.0,大宗协议交易
2022-05-06,CEA,58.0,58.0,58.0,58.0,0.0,10.0,580.0,挂牌协议交易
2022-05-06,CEA,58.0,58.0,58.0,58.0,0.0,580000.0,33930000.0,大宗协议交易
2022-05-09,CEA,58.0,58.0,58.0,58.0,0.0,3668.0,212744.0,挂牌协议交易
2022-05-09,CEA,58.0,58.0,58.0,58.0,0.0,110000.0,6600000.0,大宗协议交易
2022-05-10,CEA,58.0,58.0,58.0,58.0,0.0,10.0,580.0,挂牌协议交易
2022-05-11,CEA,58.0,58.0,58.0,58.0,0.0,10.0,580.0,挂牌协议交易
2022-05-12,CEA,58.0,58.0,58.0,58.0,0.0,10.0,580.0,挂牌协议交易
2022-05-13,CEA,58.0,58.0,58.0,58.0,0.0,10.0,580.0,挂牌协议交易
2022-05-16,CEA,58.0,58.0,58.0,58.0,0.0,10.0,580.0,挂牌协议交易
2022-05-17,CEA,58.0,58.0,58.0,58.0,0.0,10.0,580.0,挂牌协议交易
2022-05-18,CEA,58.0,58.0,58.0,58.0,0.0,10.0,580.0,挂牌协议交易
2022-05-19,CEA,58.0,58.0,58.0,58.0,0.0,10.0,580.0,挂牌协议交易
2022-05-19,CEA,58.0,58.0,58.0,58.0,0.0,200000.0,12200000.0,大宗协议交易
2022-05-20,CEA,58.0,58.0,58.0,58.0,0.0,10.0,580.0,挂牌协议交易
2022-05-23,CEA,59.0,59.0,58.0,58.97,1.67,310.0,18280.0,挂牌协议交易
2022-05-24,CEA,59.0,61.0,59.0,59.18,0.36,11.0,651.0,挂牌协议交易
2022-05-25,CEA,59.0,59.0,59.0,59.0,-0.3,10.0,590.0,挂牌协议交易
2022-05-26,CEA,59.0,59.0,59.0,59.0,0.0,10.0,590.0,挂牌协议交易
2022-05-26,CEA,59.0,59.0,59.0,59.0,0.0,130000.0,7670000.0,大宗协议交易
2022-05-27,CEA,59.0,59.0,59.0,59.0,0.0,21010.0,1239590.0,挂牌协议交易
2022-05-27,CEA,59.0,59.0,59.0,59.0,0.0,400000.0,21800000.0,大宗协议交易
2022-05-30,CEA,59.0,59.0,59.0,59.0,0.0,10.0,590.0,挂牌协议交易
2022-05-31,CEA,59.0,59.0,59.0,59.0,0.0,10.0,590.0,挂牌协议交易
2022-05-31,CEA,59.0,59.0,59.0,59.0,0.0,600000.0,32700000.0,大宗协议交易
2022-06-01,CEA,59.0,59.0,59.0,59.0,0.0,10.0,590.0,挂牌协议交易
2022-06-01,CEA,59.0,59.0,59.0,59.0,0.0,100000.0,5500000.0,大宗协议交易
2022-06-02,CEA,59.0,59.0,59.0,59.0,0.0,10.0,590.0,挂牌协议交易
2022-06-06,CEA,59.0,59.0,59.0,59.0,0.0,10.0,590.0,挂牌协议交易
2022-06-07,CEA,59.0,59.0,59.0,59.0,0.0,10.0,590.0,挂牌协议交易
2022-06-08,CEA,59.0,59.0,59.0,59.0,0.0,10.0,590.0,挂牌协议交易
2022-06-09,CEA,59.0,59.0,59.0,59.0,0.0,10.0,590.0,挂牌协议交易
2022-06-09,CEA,59.0,59.0,59.0,59.0,0.0,150000.0,8955000.0,大宗协议交易
2022-06-10,CEA,59.0,59.0,59.0,59.0,0.0,10.0,590.0,挂牌协议交易
2022-06-13,CEA,59.0,59.0,59.0,59.0,0.0,10.0,590.0,挂牌协议交易
2022-06-14,CEA,59.0,59.0,59.0,59.0,0.0,10.0,590.0,挂牌协议交易
2022-06-15,CEA,59.0,59.0,59.0,59.0,0.0,10.0,590.0,挂牌协议交易
2022-06-16,CEA,59.0,59.0,59.0,59.0,0.0,10.0,590.0,挂牌协议交易
2022-06-17,CEA,59.0,59.0,59.0,59.0,0.0,10.0,590.0,挂牌协议交易
2022-06-20,CEA,59.0,59.5,59.0,59.25,0.42,20.0,1185.0,挂牌协议交易
2022-06-21,CEA,59.6,59.6,59.6,59.6,0.59,50.0,2980.0,挂牌协议交易
2022-06-22,CEA,60.0,60.0,60.0,60.0,0.67,30.0,1800.0,挂牌协议交易
2022-06-22,CEA,60.0,60.0,60.0,60.0,0.67,150000.0,9000000.0,大宗协议交易
2022-06-23,CEA,60.0,60.0,60.0,60.0,0.0,10.0,600.0,挂牌协议交易
2022-06-23,CEA,60.0,60.0,60.0,60.0,0.0,250000.0,13750000.0,大宗协议交易
2022-06-24,CEA,60.0,60.0,60.0,60.0,0.0,10.0,600.0,挂牌协议交易
2022-06-24,CEA,60.0,60.0,60.0,60.0,0.0,120000.0,7344000.0,大宗协议交易
2022-06-27,CEA,60.0,60.0,60.0,60.0,0.0,10.0,600.0,挂牌协议交易
2022-06-28,CEA,59.0,59.0,59.0,59.0,-1.67,20.0,1180.0,挂牌协议交易
2022-06-29,CEA,58.0,58.0,58.0,58.0,-1.69,10.0,580.0,挂牌协议交易
2022-06-30,CEA,57.5,57.5,57.5,57.5,-0.86,10.0,575.0,挂牌协议交易
2022-07-01,CEA,58.5,58.5,58.0,58.0,0.87,124940.0,7246525.0,挂牌协议交易
2022-07-01,CEA,58.5,58.5,58.0,58.0,0.87,200000.0,11500000.0,大宗协议交易
2022-07-04,CEA,59.0,59.0,59.0,59.0,1.72,10.0,590.0,挂牌协议交易
2022-07-05,CEA,57.5,57.5,57.5,57.5,-2.54,10000.0,575000.0,挂牌协议交易
2022-07-06,CEA,58.0,58.0,55.0,57.27,-0.4,80031.0,4583589.6,挂牌协议交易
2022-07-07,CEA,59.0,59.0,59.0,59.0,3.02,1000.0,59000.0,挂牌协议交易
2022-07-08,CEA,60.0,60.0,57.0,57.02,-3.36,49200.0,2805180.5,挂牌协议交易
2022-07-11,CEA,58.0,58.0,58.0,58.0,1.72,58.0,3364.0,挂牌协议交易
2022-07-12,CEA,58.0,58.0,58.0,58.0,0.0,10.0,580.0,挂牌协议交易
2022-07-13,CEA,59.1,59.1,59.1,59.1,1.9,10.0,591.0,挂牌协议交易
2022-07-14,CEA,57.0,58.0,57.0,57.26,-3.11,27446.0,1571526.46,挂牌协议交易
2022-07-15,CEA,60.0,60.0,57.9,58.24,1.71,2500.0,145600.0,挂牌协议交易
2022-07-18,CEA,58.6,58.6,57.6,57.6,-1.1,10010.0,576586.0,挂牌协议交易
2022-07-19,CEA,57.4,57.4,57.4,57.4,-0.35,10000.0,574000.0,挂牌协议交易
2022-07-20,CEA,56.8,58.22,56.0,57.34,-0.1,30044.0,1722664.0,挂牌协议交易
2022-07-21,CEA,58.22,58.22,58.22,58.22,1.53,25000.0,1455500.0,挂牌协议交易
2022-07-21,CEA,58.22,58.22,58.22,58.22,1.53,150000.0,8925000.0,大宗协议交易
2022-07-22,CEA,57.0,57.0,57.0,57.0,-2.1,10000.0,570000.0,挂牌协议交易
2022-07-25,CEA,57.3,57.3,57.3,57.3,0.53,100.0,5730.0,挂牌协议交易
2022-07-26,CEA,57.3,57.3,57.3,57.3,0.0,100.0,5730.0,挂牌协议交易
2022-07-27,CEA,57.0,57.0,57.0,57.0,-0.52,250.0,14250.0,挂牌协议交易
2022-07-28,CEA,57.0,59.0,57.0,58.96,3.44,61081.0,3601617.0,挂牌协议交易
2022-07-28,CEA,57.0,59.0,57.0,58.96,3.44,150000.0,8895000.0,大宗协议交易
2022-07-29,CEA,58.0,58.0,58.0,58.0,-1.63,200.0,11600.0,挂牌协议交易
2022-07-29,CEA,58.0,58.0,58.0,58.0,-1.63,150000.0,9381000.0,大宗协议交易
2022-08-01,CEA,58.0,59.5,58.0,58.68,1.17,2800.0,164300.0,挂牌协议交易
2022-08-02,CEA,57.0,59.0,57.0,57.35,-2.27,1731.0,99267.0,挂牌协议交易
2022-08-03,CEA,57.5,57.5,57.5,57.5,0.26,500.0,28750.0,挂牌协议交易
2022-08-04,CEA,57.5,57.5,57.5,57.5,0.0,500.0,28750.0,挂牌协议交易
2022-08-05,CEA,58.5,58.5,58.5,58.5,1.74,68765.0,4022752.5,挂牌协议交易
2022-08-08,CEA,59.0,59.0,59.0,59.0,0.85,3000.0,177000.0,挂牌协议交易
2022-08-09,CEA,58.0,59.0,58.0,58.88,-0.2,1700.0,100100.0,挂牌协议交易
2022-08-09,CEA,58.0,59.0,58.0,58.88,-0.2,100000.0,4582000.0,大宗协议交易
2022-08-10,CEA,58.0,58.0,58.0,58.0,-1.49,17300.0,1003400.0,挂牌协议交易
2022-08-11,CEA,58.0,58.0,58.0,58.0,0.0,5200.0,301600.0,挂牌协议交易
2022-08-12,CEA,58.0,58.0,58.0,58.0,0.0,200.0,11600.0,挂牌协议交易
2022-08-12,CEA,58.0,58.0,58.0,58.0,0.0,121335.0,7098097.5,大宗协议交易
2022-08-15,CEA,58.0,58.0,58.0,58.0,0.0,200.0,11600.0,挂牌协议交易
2022-08-16,CEA,58.0,58.0,58.0,58.0,0.0,200.0,11600.0,挂牌协议交易
2022-08-17,CEA,58.0,58.0,58.0,58.0,0.0,200.0,11600.0,挂牌协议交易
2022-08-18,CEA,58.0,58.0,58.0,58.0,0.0,200.0,11600.0,挂牌协议交易
2022-08-19,CEA,58.0,58.0,58.0,58.0,0.0,80000.0,4640000.0,挂牌协议交易
2022-08-22,CEA,58.0,58.0,58.0,58.0,0.0,200.0,11600.0,挂牌协议交易
2022-08-23,CEA,58.8,59.5,58.8,58.8,1.38,12002.0,705719.0,挂牌协议交易
2022-08-24,CEA,58.5,58.5,58.0,58.42,-0.65,118.0,6894.0,挂牌协议交易
2022-08-25,CEA,58.5,58.5,58.5,58.5,0.14,100.0,5850.0,挂牌协议交易
2022-08-26,CEA,58.5,58.5,58.5,58.5,0.0,668.0,39078.0,挂牌协议交易
2022-08-29,CEA,58.5,58.5,58.5,58.5,0.0,668.0,39078.0,挂牌协议交易
2022-08-29,CEA,58.5,58.5,58.5,58.5,0.0,130000.0,7605000.0,大宗协议交易
2022-08-30,CEA,58.0,58.0,58.0,58.0,-0.85,200.0,11600.0,挂牌协议交易
2022-08-31,CEA,58.0,58.0,58.0,58.0,0.0,200.0,11600.0,挂牌协议交易
2022-09-01,CEA,58.0,58.0,58.0,58.0,0.0,200.0,11600.0,挂牌协议交易
2022-09-02,CEA,58.0,58.0,58.0,58.0,0.0,200.0,11600.0,挂牌协议交易
2022-09-05,CEA,58.5,58.5,58.5,58.5,0.86,10.0,585.0,挂牌协议交易
2022-09-06,CEA,58.5,59.0,58.5,58.98,0.82,2100.0,123850.0,挂牌协议交易
2022-09-07,CEA,58.5,59.0,58.5,58.99,0.02,6090.0,359260.0,挂牌协议交易
2022-09-08,CEA,58.5,58.5,58.5,58.5,-0.83,100.0,5850.0,挂牌协议交易
2022-09-09,CEA,58.0,58.0,58.0,58.0,-0.85,100.0,5800.0,挂牌协议交易
2022-09-13,CEA,58.0,58.0,58.0,58.0,0.0,100.0,5800.0,挂牌协议交易
2022-09-14,CEA,58.5,58.5,58.5,58.5,0.86,100.0,5850.0,挂牌协议交易
2022-09-15,CEA,58.0,58.0,58.0,58.0,-0.85,100.0,5800.0,挂牌协议交易
2022-09-16,CEA,58.0,58.0,58.0,58.0,0.0,100.0,5800.0,挂牌协议交易
2022-09-19,CEA,58.0,58.0,58.0,58.0,0.0,100.0,5800.0,挂牌协议交易
2022-09-20,CEA,58.0,58.0,58.0,58.0,0.0,100.0,5800.0,挂牌协议交易
2022-09-21,CEA,58.0,58.0,58.0,58.0,0.0,100.0,5800.0,挂牌协议交易
2022-09-22,CEA,58.0,58.0,58.0,58.0,0.0,100.0,5800.0,挂牌协议交易
2022-09-23,CEA,57.0,57.5,57.0,57.48,-0.9,210.0,12070.0,挂牌协议交易
2022-09-26,CEA,57.5,57.5,57.5,57.5,0.03,200.0,11500.0,挂牌协议交易
2022-09-27,CEA,57.5,57.5,57.5,57.5,0.0,200.0,11500.0,挂牌协议交易
2022-09-28,CEA,57.5,57.5,57.5,57.5,0.0,200.0,11500.0,挂牌协议交易
2022-09-29,CEA,57.5,57.5,57.5,57.5,0.0,200.0,11500.0,挂牌协议交易
2022-09-30,CEA,57.5,57.5,57.5,57.5,0.0,200.0,11500.0,挂牌协议交易
2022-10-10,CEA,57.5,57.5,57.5,57.5,0.0,200.0,11500.0,挂牌协议交易
2022-10-11,CEA,57.52,58.45,57.52,58.34,1.46,11000.0,641770.0,挂牌协议交易
2022-10-11,CEA,57.52,58.45,57.52,58.34,1.46,180000.0,10440000.0,大宗协议交易
2022-10-12,CEA,58.0,58.0,58.0,58.0,-0.58,200.0,11600.0,挂牌协议交易
2022-10-13,CEA,57.5,58.0,57.5,57.75,-0.43,400.0,23100.0,挂牌协议交易
2022-10-14,CEA,58.0,58.0,58.0,58.0,0.43,300.0,17400.0,挂牌协议交易
2022-10-17,CEA,58.5,58.5,58.0,58.48,0.83,10260.0,599961.0,挂牌协议交易
2022-10-18,CEA,58.0,58.0,58.0,58.0,-0.82,300.0,17400.0,挂牌协议交易
2022-10-19,CEA,58.5,58.5,58.5,58.5,0.86,169400.0,9909900.0,挂牌协议交易
2022-10-20,CEA,58.0,58.0,57.5,57.55,-1.62,11000.0,633000.0,挂牌协议交易
2022-10-21,CEA,58.5,58.5,58.0,58.49,1.63,55000.0,3217000.0,挂牌协议交易
2022-10-24,CEA,58.0,58.0,58.0,58.0,-0.84,1000.0,58000.0,挂牌协议交易
2022-10-25,CEA,58.7,58.7,58.7,58.7,1.21,15000.0,880500.0,挂牌协议交易
2022-10-26,CEA,58.0,58.0,58.0,58.0,-1.19,5000.0,290000.0,挂牌协议交易
2022-10-26,CEA,58.0,58.0,58.0,58.0,-1.19,130000.0,7735000.0,大宗协议交易
2022-10-27,CEA,58.5,58.5,58.5,58.5,0.86,21000.0,1228500.0,挂牌协议交易
2022-10-27,CEA,58.5,58.5,58.5,58.5,0.86,108274.0,6171618.0,大宗协议交易
2022-10-28,CEA,58.0,58.0,58.0,58.0,-0.85,5000.0,290000.0,挂牌协议交易
2022-10-31,CEA,58.0,58.0,58.0,58.0,0.0,5000.0,290000.0,挂牌协议交易
2022-10-31,CEA,58.0,58.0,58.0,58.0,0.0,241412.0,10380716.0,大宗协议交易
2022-11-01,CEA,58.0,58.0,58.0,58.0,0.0,5000.0,290000.0,挂牌协议交易
2022-11-02,CEA,58.0,58.0,58.0,58.0,0.0,500.0,29000.0,挂牌协议交易
2022-11-02,CEA,58.0,58.0,58.0,58.0,0.0,559797.0,23813764.38,大宗协议交易
2022-11-03,CEA,58.0,58.0,58.0,58.0,0.0,17242.0,1000036.0,挂牌协议交易
2022-11-04,CEA,58.0,58.0,58.0,58.0,0.0,500.0,29000.0,挂牌协议交易
2022-11-04,CEA,58.0,58.0,58.0,58.0,0.0,480000.0,28080000.0,大宗协议交易
2022-11-07,CEA,58.0,58.1,58.0,58.08,0.14,87000.0,5053000.0,挂牌协议交易
2022-11-08,CEA,57.7,58.2,57.7,57.87,-0.36,45398.0,2627084.2,挂牌协议交易
2022-11-09,CEA,58.0,58.0,58.0,58.0,0.22,3000.0,174000.0,挂牌协议交易
2022-11-10,CEA,58.0,58.0,58.0,58.0,0.0,1725.0,100050.0,挂牌协议交易
2022-11-11,CEA,58.0,58.0,58.0,58.0,0.0,5000.0,290000.0,挂牌协议交易
2022-11-14,CEA,58.0,58.0,57.3,57.87,-0.22,72275.0,4182250.0,挂牌协议交易
2022-11-14,CEA,58.0,58.0,57.3,57.87,-0.22,250000.0,14800000.0,大宗协议交易
2022-11-15,CEA,57.5,57.5,57.5,57.5,-0.64,200.0,11500.0,挂牌协议交易
2022-11-16,CEA,57.8,57.8,57.8,57.8,0.52,34137.0,1973118.6,挂牌协议交易
2022-11-17,CEA,57.8,57.8,57.8,57.8,0.0,20000.0,1156000.0,挂牌协议交易
2022-11-17,CEA,57.8,57.8,57.8,57.8,0.0,920757.0,52483149.0,大宗协议交易
2022-11-18,CEA,57.5,57.7,57.5,57.5,-0.52,420010.0,24150577.0,挂牌协议交易
2022-11-21,CEA,57.8,57.8,57.8,57.8,0.52,297.0,17166.6,挂牌协议交易
2022-11-22,CEA,57.8,57.9,57.7,57.8,0.0,820050.0,47399890.0,挂牌协议交易
2022-11-22,CEA,57.8,57.9,57.7,57.8,0.0,100000.0,5830000.0,大宗协议交易
2022-11-23,CEA,58.0,58.0,58.0,58.0,0.35,2553.0,148074.0,挂牌协议交易
2022-11-24,CEA,58.0,58.0,58.0,58.0,0.0,200.0,11600.0,挂牌协议交易
2022-11-24,CEA,58.0,58.0,58.0,58.0,0.0,205000.0,9942500.0,大宗协议交易
2022-11-25,CEA,58.1,58.1,57.5,57.8,-0.34,747774.0,43222969.8,挂牌协议交易
2022-11-25,CEA,58.1,58.1,57.5,57.8,-0.34,1585000.0,85921500.0,大宗协议交易
2022-11-28,CEA,57.8,57.8,57.8,57.8,0.0,500.0,28900.0,挂牌协议交易
2022-11-28,CEA,57.8,57.8,57.8,57.8,0.0,363576.0,18925620.0,大宗协议交易
2022-11-29,CEA,58.0,58.0,57.8,57.8,0.0,501.0,28958.0,挂牌协议交易
2022-11-29,CEA,58.0,58.0,57.8,57.8,0.0,200000.0,11800000.0,大宗协议交易
2022-11-30,CEA,57.8,57.8,57.5,57.52,-0.48,350380.0,20155126.0,挂牌协议交易
2022-12-01,CEA,57.52,57.7,57.52,57.7,0.31,200523.0,11570139.3,挂牌协议交易
2022-12-01,CEA,57.52,57.7,57.52,57.7,0.31,199990.0,11691415.4,大宗协议交易
2022-12-02,CEA,55.0,57.7,55.0,57.69,-0.02,502.0,28960.0,挂牌协议交易
2022-12-05,CEA,53.0,58.0,53.0,57.0,-1.2,2500.0,142500.0,挂牌协议交易
2022-12-06,CEA,58.0,58.0,57.0,57.39,0.68,6100.0,350050.0,挂牌协议交易
2022-12-07,CEA,58.0,58.0,57.0,57.44,0.09,13510.0,776080.0,挂牌协议交易
2022-12-08,CEA,57.5,57.5,57.5,57.5,0.1,9000.0,517500.0,挂牌协议交易
2022-12-09,CEA,57.0,57.5,57.0,57.03,-0.82,93000.0,5303500.0,挂牌协议交易
2022-12-09,CEA,57.0,57.5,57.0,57.03,-0.82,200000.0,11700000.0,大宗协议交易
2022-12-12,CEA,56.8,56.8,56.8,56.8,-0.4,100.0,5680.0,挂牌协议交易
2022-12-13,CEA,56.79,56.8,56.51,56.55,-0.44,8000.0,452370.28,挂牌协议交易
2022-12-14,CEA,56.0,56.8,54.0,55.3,-2.21,149818.0,8285206.0,挂牌协议交易
2022-12-14,CEA,56.0,56.8,54.0,55.3,-2.21,691952.0,39922291.36,大宗协议交易
2022-12-15,CEA,57.0,57.0,57.0,57.0,3.07,82000.0,4674000.0,挂牌协议交易
2022-12-15,CEA,57.0,57.0,57.0,57.0,3.07,302129.0,17387523.95,大宗协议交易
2022-12-16,CEA,57.0,57.0,57.0,57.0,0.0,51000.0,2907000.0,挂牌协议交易
2022-12-16,CEA,57.0,57.0,57.0,57.0,0.0,1264400.0,70766000.0,大宗协议交易
2022-12-19,CEA,55.0,55.0,55.0,55.0,-3.51,40000.0,2200000.0,挂牌协议交易
2022-12-19,CEA,55.0,55.0,55.0,55.0,-3.51,2157085.0,117621207.67,大宗协议交易
2022-12-20,CEA,56.0,56.0,56.0,56.0,1.82,500.0,28000.0,挂牌协议交易
2022-12-20,CEA,56.0,56.0,56.0,56.0,1.82,2507877.0,141382538.73,大宗协议交易
2022-12-21,CEA,56.0,57.5,56.0,56.0,0.0,12298.0,688689.5,挂牌协议交易
2022-12-21,CEA,56.0,57.5,56.0,56.0,0.0,9125285.0,504649970.04,大宗协议交易
2022-12-22,CEA,56.0,56.5,56.0,56.5,0.89,60500.0,3418000.0,挂牌协议交易
2022-12-22,CEA,56.0,56.5,56.0,56.5,0.89,2617774.0,148248944.0,大宗协议交易
2022-12-23,CEA,56.5,56.5,56.5,56.5,0.0,110.0,6215.0,挂牌协议交易
2022-12-23,CEA,56.5,56.5,56.5,56.5,0.0,1610000.0,88482500.0,大宗协议交易
2022-12-26,CEA,56.3,56.5,56.0,56.26,-0.42,183955.0,10349530.0,挂牌协议交易
2022-12-26,CEA,56.3,56.5,56.0,56.26,-0.42,1803296.0,99685280.0,大宗协议交易
2022-12-27,CEA,56.3,56.3,55.5,56.3,0.07,40011.0,2252610.5,挂牌协议交易
2022-12-27,CEA,56.3,56.3,55.5,56.3,0.07,986725.0,56894823.5,大宗协议交易
2022-12-28,CEA,56.3,56.5,55.0,55.9,-0.71,21787.0,1217935.0,挂牌协议交易
2022-12-28,CEA,56.3,56.5,55.0,55.9,-0.71,1260200.0,68391200.0,大宗协议交易
2022-12-29,CEA,55.0,55.0,55.0,55.0,-1.61,96304.0,5296720.0,挂牌协议交易
2022-12-29,CEA,55.0,55.0,55.0,55.0,-1.61,424076.0,20364843.88,大宗协议交易
2022-12-30,CEA,55.0,55.0,55.0,55.0,0.0,30681.0,1687455.0,挂牌协议交易
2023-01-03,CEA,55.0,55.0,55.0,55.0,0.0,100.0,5500.0,挂牌协议交易
2023-01-04,CEA,55.0,55.0,55.0,55.0,0.0,100.0,5500.0,挂牌协议交易
2023-01-05,CEA,55.0,55.0,55.0,55.0,0.0,4291.0,236005.0,挂牌协议交易
2023-01-06,CEA,56.0,56.0,56.0,56.0,1.82,1000.0,56000.0,挂牌协议交易
2023-01-09,CEA,56.0,56.0,56.0,56.0,0.0,100.0,5600.0,挂牌协议交易
2023-01-10,CEA,56.0,56.0,56.0,56.0,0.0,100.0,5600.0,挂牌协议交易
2023-01-11,CEA,55.73,55.73,55.73,55.73,-0.48,100.0,5573.0,挂牌协议交易
2023-01-12,CEA,55.5,55.5,55.5,55.5,-0.41,100.0,5550.0,挂牌协议交易
2023-01-13,CEA,55.5,55.5,55.5,55.5,0.0,100.0,5550.0,挂牌协议交易
2023-01-16,CEA,55.73,55.73,55.73,55.73,0.41,150000.0,8359500.0,挂牌协议交易
2023-01-17,CEA,55.73,55.73,55.73,55.73,0.0,99999.0,5572944.27,挂牌协议交易
2023-01-18,CEA,56.0,56.0,56.0,56.0,0.48,100.0,5600.0,挂牌协议交易
2023-01-19,CEA,56.0,56.0,56.0,56.0,0.0,100.0,5600.0,挂牌协议交易
2023-01-20,CEA,56.0,56.0,56.0,56.0,0.0,10.0,560.0,挂牌协议交易
2023-01-30,CEA,56.0,56.0,56.0,56.0,0.0,600.0,33600.0,挂牌协议交易
2023-01-31,CEA,56.0,56.0,56.0,56.0,0.0,600.0,33600.0,挂牌协议交易
2023-02-01,CEA,56.0,56.0,56.0,56.0,0.0,100.0,5600.0,挂牌协议交易
2023-02-02,CEA,56.0,56.0,56.0,56.0,0.0,300.0,16800.0,挂牌协议交易
2023-02-03,CEA,56.0,56.0,56.0,56.0,0.0,110.0,6160.0,挂牌协议交易
2023-02-06,CEA,56.0,56.0,56.0,56.0,0.0,600.0,33600.0,挂牌协议交易
2023-02-07,CEA,56.0,56.0,56.0,56.0,0.0,8500.0,476000.0,挂牌协议交易
2023-02-08,CEA,56.0,56.0,56.0,56.0,0.0,100.0,5600.0,挂牌协议交易
2023-02-09,CEA,56.0,56.0,56.0,56.0,0.0,100.0,5600.0,挂牌协议交易
2023-02-09,CEA,56.0,56.0,56.0,56.0,0.0,100000.0,5550000.0,大宗协议交易
2023-02-10,CEA,56.0,56.0,56.0,56.0,0.0,10.0,560.0,挂牌协议交易
2023-02-13,CEA,56.0,56.0,56.0,56.0,0.0,500.0,28000.0,挂牌协议交易
2023-02-14,CEA,56.0,56.0,56.0,56.0,0.0,500.0,28000.0,挂牌协议交易
2023-02-14,CEA,56.0,56.0,56.0,56.0,0.0,200000.0,11500000.0,大宗协议交易
2023-02-15,CEA,56.0,57.5,56.0,56.04,0.07,20510.0,1149310.0,挂牌协议交易
2023-02-15,CEA,56.0,57.5,56.0,56.04,0.07,300000.0,17250000.0,大宗协议交易
2023-02-16,CEA,56.3,56.3,56.2,56.3,0.46,10466.0,589185.8,挂牌协议交易
2023-02-17,CEA,56.3,56.3,56.3,56.3,0.0,200000.0,11260000.0,挂牌协议交易
2023-02-20,CEA,56.2,56.2,56.2,56.2,-0.18,500.0,28100.0,挂牌协议交易
2023-02-21,CEA,57.0,57.0,57.0,57.0,1.42,500.0,28500.0,挂牌协议交易
2023-02-22,CEA,57.0,57.0,57.0,57.0,0.0,500.0,28500.0,挂牌协议交易
2023-02-23,CEA,56.5,56.5,56.5,56.5,-0.88,500.0,28250.0,挂牌协议交易
2023-02-24,CEA,56.5,56.5,56.5,56.5,0.0,10.0,565.0,挂牌协议交易
2023-02-24,CEA,56.5,56.5,56.5,56.5,0.0,1000000.0,55000000.0,大宗协议交易
2023-02-27,CEA,55.0,55.0,55.0,55.0,-2.65,10000.0,550000.0,挂牌协议交易
2023-02-28,CEA,55.0,55.0,55.0,55.0,0.0,500.0,27500.0,挂牌协议交易
2023-03-01,CEA,55.0,56.5,55.0,55.5,0.91,1500.0,83250.0,挂牌协议交易
2023-03-02,CEA,55.0,55.0,55.0,55.0,-0.9,1000.0,55000.0,挂牌协议交易
2023-03-03,CEA,56.0,56.0,56.0,56.0,1.82,10.0,560.0,挂牌协议交易
2023-03-03,CEA,56.0,56.0,56.0,56.0,1.82,300000.0,17010000.0,大宗协议交易
2023-03-06,CEA,55.0,56.0,55.0,55.5,-0.89,1010.0,56060.0,挂牌协议交易
2023-03-07,CEA,56.0,56.0,56.0,56.0,0.9,500.0,28000.0,挂牌协议交易
2023-03-07,CEA,56.0,56.0,56.0,56.0,0.9,200000.0,11340000.0,大宗协议交易
2023-03-08,CEA,56.0,56.0,56.0,56.0,0.0,500.0,28000.0,挂牌协议交易
2023-03-09,CEA,56.0,56.0,56.0,56.0,0.0,1000.0,56000.0,挂牌协议交易
2023-03-10,CEA,56.0,56.0,56.0,56.0,0.0,10.0,560.0,挂牌协议交易
2023-03-13,CEA,56.0,56.0,56.0,56.0,0.0,510.0,28560.0,挂牌协议交易
2023-03-14,CEA,56.0,56.5,56.0,56.0,0.0,1010.0,56565.0,挂牌协议交易
2023-03-15,CEA,56.0,56.0,56.0,56.0,0.0,1000.0,56000.0,挂牌协议交易
2023-03-16,CEA,56.0,56.0,56.0,56.0,0.0,500.0,28000.0,挂牌协议交易
2023-03-17,CEA,57.5,57.5,55.0,56.75,1.34,1001.0,56805.0,挂牌协议交易
2023-03-20,CEA,57.0,57.0,57.0,57.0,0.44,175.0,9975.0,挂牌协议交易
2023-03-21,CEA,56.0,56.0,56.0,56.0,-1.75,1000.0,56000.0,挂牌协议交易
2023-03-22,CEA,56.0,56.0,56.0,56.0,0.0,100.0,5600.0,挂牌协议交易
2023-03-23,CEA,56.0,56.0,56.0,56.0,0.0,100.0,5600.0,挂牌协议交易
2023-03-24,CEA,56.0,56.0,56.0,56.0,0.0,10.0,560.0,挂牌协议交易
2023-03-27,CEA,56.0,56.0,56.0,56.0,0.0,8900.0,498400.0,挂牌协议交易
2023-03-28,CEA,56.0,56.0,56.0,56.0,0.0,100.0,5600.0,挂牌协议交易
2023-03-28,CEA,56.0,56.0,56.0,56.0,0.0,476000.0,24558240.0,大宗协议交易
2023-03-29,CEA,56.0,56.0,56.0,56.0,0.0,100.0,5600.0,挂牌协议交易
2023-03-30,CEA,56.7,56.7,56.0,56.7,1.25,8830.0,500654.0,挂牌协议交易
2023-03-30,CEA,56.7,56.7,56.0,56.7,1.25,300000.0,14272000.0,大宗协议交易
2023-03-31,CEA,56.0,56.0,56.0,56.0,-1.23,2737.0,153272.0,挂牌协议交易
2023-04-03,CEA,56.0,56.0,56.0,56.0,0.0,100.0,5600.0,挂牌协议交易
2023-04-03,CEA,56.0,56.0,56.0,56.0,0.0,400000.0,22440000.0,大宗协议交易
2023-04-04,CEA,56.0,56.0,56.0,56.0,0.0,100.0,5600.0,挂牌协议交易
2023-04-06,CEA,56.0,56.0,50.5,50.52,-9.79,10037.0,507072.0,挂牌协议交易
2023-04-07,CEA,55.4,55.4,55.4,55.4,9.66,10.0,554.0,挂牌协议交易
2023-04-10,CEA,56.0,56.0,56.0,56.0,1.08,29990.0,1679440.0,挂牌协议交易
2023-04-11,CEA,56.0,56.0,56.0,56.0,0.0,10.0,560.0,挂牌协议交易
2023-04-12,CEA,56.0,56.0,56.0,56.0,0.0,100.0,5600.0,挂牌协议交易
2023-04-13,CEA,56.0,56.0,56.0,56.0,0.0,100.0,5600.0,挂牌协议交易
2023-04-14,CEA,56.0,56.0,56.0,56.0,0.0,100.0,5600.0,挂牌协议交易
2023-04-17,CEA,56.0,56.0,56.0,56.0,0.0,100.0,5600.0,挂牌协议交易
2023-04-18,CEA,56.0,56.0,56.0,56.0,0.0,10.0,560.0,挂牌协议交易
2023-04-19,CEA,56.0,56.0,56.0,56.0,0.0,100.0,5600.0,挂牌协议交易
2023-04-20,CEA,56.0,56.0,53.0,53.4,-4.64,750.0,40050.0,挂牌协议交易
2023-04-20,CEA,56.0,56.0,53.0,53.4,-4.64,300000.0,12888000.0,大宗协议交易
2023-04-21,CEA,53.4,53.4,53.4,53.4,0.0,10.0,534.0,挂牌协议交易
2023-04-21,CEA,53.4,53.4,53.4,53.4,0.0,300000.0,17250000.0,大宗协议交易
2023-04-24,CEA,53.4,53.4,53.4,53.4,0.0,10.0,534.0,挂牌协议交易
2023-04-25,CEA,53.4,53.4,53.4,53.4,0.0,500.0,26700.0,挂牌协议交易
2023-04-26,CEA,56.0,56.0,53.4,54.92,2.85,10510.0,577260.0,挂牌协议交易
2023-04-27,CEA,55.0,55.0,55.0,55.0,0.15,110.0,6050.0,挂牌协议交易
2023-04-28,CEA,55.0,55.0,55.0,55.0,0.0,10.0,550.0,挂牌协议交易
2023-05-04,CEA,55.5,55.5,55.5,55.5,0.91,10.0,555.0,挂牌协议交易
2023-05-05,CEA,55.5,55.5,55.5,55.5,0.0,11.0,610.5,挂牌协议交易
2023-05-08,CEA,56.0,56.0,56.0,56.0,0.9,15000.0,840000.0,挂牌协议交易
2023-05-08,CEA,56.0,56.0,56.0,56.0,0.9,100000.0,5750000.0,大宗协议交易
2023-05-09,CEA,56.0,56.5,56.0,56.0,0.0,42317.0,2369752.5,挂牌协议交易
2023-05-09,CEA,56.0,56.5,56.0,56.0,0.0,100000.0,5480000.0,大宗协议交易
2023-05-10,CEA,56.0,56.0,56.0,56.0,0.0,100.0,5600.0,挂牌协议交易
2023-05-11,CEA,56.0,56.0,56.0,56.0,0.0,100.0,5600.0,挂牌协议交易
2023-05-12,CEA,56.0,56.0,56.0,56.0,0.0,10.0,560.0,挂牌协议交易
2023-05-15,CEA,56.0,56.0,56.0,56.0,0.0,100.0,5600.0,挂牌协议交易
2023-05-15,CEA,56.0,56.0,56.0,56.0,0.0,100000.0,5710000.0,大宗协议交易
2023-05-16,CEA,56.5,56.5,56.5,56.5,0.89,100.0,5650.0,挂牌协议交易
2023-05-17,CEA,56.0,56.5,56.0,56.25,-0.44,200.0,11250.0,挂牌协议交易
2023-05-17,CEA,56.0,56.5,56.0,56.25,-0.44,362500.0,20417500.0,大宗协议交易
2023-05-18,CEA,56.5,58.0,56.5,57.93,2.99,210.0,12165.0,挂牌协议交易
2023-05-18,CEA,56.5,58.0,56.5,57.93,2.99,362500.0,20417500.0,大宗协议交易
2023-05-19,CEA,57.0,57.0,57.0,57.0,-1.61,10.0,570.0,挂牌协议交易
2023-05-22,CEA,56.0,60.0,56.0,57.21,0.37,71792.0,4106868.0,挂牌协议交易
2023-05-23,CEA,56.5,57.0,56.0,56.0,-2.12,49813.0,2789633.0,挂牌协议交易
2023-05-24,CEA,57.0,57.0,57.0,57.0,1.79,3410.0,194370.0,挂牌协议交易
2023-05-25,CEA,57.0,57.0,57.0,57.0,0.0,10.0,570.0,挂牌协议交易
2023-05-26,CEA,57.0,57.0,57.0,57.0,0.0,10.0,570.0,挂牌协议交易
2023-05-29,CEA,57.0,57.0,57.0,57.0,0.0,1000.0,57000.0,挂牌协议交易
2023-05-30,CEA,57.0,57.0,57.0,57.0,0.0,5524.0,314868.0,挂牌协议交易
2023-05-31,CEA,58.01,59.0,58.01,58.5,2.63,17107.0,1000740.01,挂牌协议交易
2023-06-01,CEA,57.5,58.0,57.5,57.51,-1.69,510.0,29330.0,挂牌协议交易
2023-06-02,CEA,58.5,58.5,58.5,58.5,1.72,1000.0,58500.0,挂牌协议交易
2023-06-02,CEA,58.5,58.5,58.5,58.5,1.72,100000.0,4296000.0,大宗协议交易
2023-06-05,CEA,58.5,58.5,58.5,58.5,0.0,1000.0,58500.0,挂牌协议交易
2023-06-06,CEA,58.5,58.5,58.5,58.5,0.0,1000.0,58500.0,挂牌协议交易
2023-06-07,CEA,58.5,58.5,58.5,58.5,0.0,1000.0,58500.0,挂牌协议交易
2023-06-08,CEA,58.6,58.6,58.6,58.6,0.17,560.0,32816.0,挂牌协议交易
2023-06-09,CEA,58.5,58.5,58.5,58.5,-0.17,1000.0,58500.0,挂牌协议交易
2023-06-09,CEA,58.5,58.5,58.5,58.5,-0.17,100000.0,4296000.0,大宗协议交易
2023-06-12,CEA,57.0,57.0,57.0,57.0,-2.56,291000.0,16587000.0,挂牌协议交易
2023-06-13,CEA,57.0,57.0,57.0,57.0,0.0,1000.0,57000.0,挂牌协议交易
2023-06-14,CEA,57.0,57.0,57.0,57.0,0.0,1000.0,57000.0,挂牌协议交易
2023-06-15,CEA,57.0,57.0,57.0,57.0,0.0,1000.0,57000.0,挂牌协议交易
2023-06-16,CEA,57.8,57.8,57.8,57.8,1.4,177700.0,10271060.0,挂牌协议交易
2023-06-19,CEA,57.8,57.8,57.8,57.8,0.0,323300.0,18686740.0,挂牌协议交易
2023-06-20,CEA,57.5,57.8,57.5,57.53,-0.47,401000.0,23070100.0,挂牌协议交易
2023-06-21,CEA,57.0,59.0,57.0,57.0,-0.92,1001.0,57059.0,挂牌协议交易
2023-06-21,CEA,57.0,59.0,57.0,57.0,-0.92,400000.0,17184000.0,大宗协议交易
2023-06-26,CEA,57.4,57.4,57.4,57.4,0.7,1000.0,57400.0,挂牌协议交易
2023-06-27,CEA,57.5,57.5,57.4,57.4,0.0,1001.0,57457.5,挂牌协议交易
2023-06-28,CEA,57.5,57.5,57.5,57.5,0.17,1000.0,57500.0,挂牌协议交易
2023-06-29,CEA,58.0,58.0,57.5,57.98,0.83,20140.0,1167620.0,挂牌协议交易
2023-06-29,CEA,58.0,58.0,57.5,57.98,0.83,200000.0,11630000.0,大宗协议交易
2023-06-30,CEA,60.0,60.0,60.0,60.0,3.48,501.0,30060.0,挂牌协议交易
2023-06-30,CEA,60.0,60.0,60.0,60.0,3.48,275748.0,16544880.0,大宗协议交易
2023-07-03,CEA,60.0,60.0,60.0,60.0,0.0,500.0,30000.0,挂牌协议交易
2023-07-04,CEA,60.0,60.0,60.0,60.0,0.0,1000.0,60000.0,挂牌协议交易
2023-07-04,CEA,60.0,60.0,60.0,60.0,0.0,200000.0,10932000.0,大宗协议交易
2023-07-05,CEA,60.0,60.0,60.0,60.0,0.0,1000.0,60000.0,挂牌协议交易
2023-07-05,CEA,60.0,60.0,60.0,60.0,0.0,650000.0,27924000.0,大宗协议交易
2023-07-06,CEA,59.0,60.0,58.0,59.0,-1.67,401020.0,23659200.0,挂牌协议交易
2023-07-07,CEA,57.0,60.0,57.0,58.17,-1.41,82000.0,4770000.0,挂牌协议交易
2023-07-07,CEA,57.0,60.0,57.0,58.17,-1.41,193201.0,10560366.66,大宗协议交易
2023-07-10,CEA,59.0,59.0,59.0,59.0,1.43,1000.0,59000.0,挂牌协议交易
2023-07-10,CEA,59.0,59.0,59.0,59.0,1.43,150000.0,8925000.0,大宗协议交易
2023-07-11,CEA,60.0,60.0,60.0,60.0,1.69,1020.0,61200.0,挂牌协议交易
2023-07-12,CEA,59.0,60.0,59.0,59.75,-0.42,11923.0,712380.0,挂牌协议交易
2023-07-12,CEA,59.0,60.0,59.0,59.75,-0.42,100000.0,5000000.0,大宗协议交易
2023-07-13,CEA,60.0,60.0,60.0,60.0,0.42,60000.0,3600000.0,挂牌协议交易
2023-07-14,CEA,60.0,60.0,60.0,60.0,0.0,120078.0,7204680.0,挂牌协议交易
2023-07-14,CEA,60.0,60.0,60.0,60.0,0.0,250000.0,15000000.0,大宗协议交易
2023-07-17,CEA,60.0,60.0,60.0,60.0,0.0,111000.0,6660000.0,挂牌协议交易
2023-07-18,CEA,65.0,65.0,61.0,61.02,1.7,503.0,30695.0,挂牌协议交易
2023-07-19,CEA,61.0,61.0,61.0,61.0,-0.03,500.0,30500.0,挂牌协议交易
2023-07-20,CEA,61.0,61.0,61.0,61.0,0.0,500.0,30500.0,挂牌协议交易
2023-07-21,CEA,64.0,64.0,61.0,63.43,3.98,2700.0,171250.0,挂牌协议交易
2023-07-21,CEA,64.0,64.0,61.0,63.43,3.98,318516.0,18448768.0,大宗协议交易
2023-07-24,CEA,64.0,64.0,64.0,64.0,0.9,500.0,32000.0,挂牌协议交易
2023-07-24,CEA,64.0,64.0,64.0,64.0,0.9,100000.0,5600000.0,大宗协议交易
2023-07-25,CEA,64.0,64.0,64.0,64.0,0.0,500.0,32000.0,挂牌协议交易
2023-07-26,CEA,58.23,64.0,58.23,61.12,-4.5,2000.0,122230.0,挂牌协议交易
2023-07-26,CEA,58.23,64.0,58.23,61.12,-4.5,200000.0,12700000.0,大宗协议交易
2023-07-27,CEA,64.0,64.0,64.0,64.0,4.71,5000.0,320000.0,挂牌协议交易
2023-07-28,CEA,58.4,64.0,58.4,61.05,-4.61,3800.0,232000.0,挂牌协议交易
2023-07-31,CEA,62.0,65.0,62.0,64.74,6.04,41000.0,2654500.0,挂牌协议交易
2023-08-01,CEA,65.0,65.0,62.6,64.99,0.39,38847.0,2524575.0,挂牌协议交易
2023-08-01,CEA,65.0,65.0,62.6,64.99,0.39,105713.0,6554206.0,大宗协议交易
2023-08-02,CEA,65.0,65.0,64.0,64.97,-0.03,32380.0,2103800.0,挂牌协议交易
2023-08-03,CEA,65.0,65.0,64.0,64.27,-1.08,106739.0,6859674.0,挂牌协议交易
2023-08-03,CEA,65.0,65.0,64.0,64.27,-1.08,219800.0,13957300.0,大宗协议交易
2023-08-04,CEA,66.0,66.0,66.0,66.0,2.69,10000.0,660000.0,挂牌协议交易
2023-08-07,CEA,66.0,66.0,66.0,66.0,0.0,108140.0,7137240.0,挂牌协议交易
2023-08-07,CEA,66.0,66.0,66.0,66.0,0.0,112000.0,6944000.0,大宗协议交易
2023-08-08,CEA,67.0,67.0,67.0,67.0,1.52,17000.0,1139000.0,挂牌协议交易
2023-08-09,CEA,67.8,69.0,67.8,67.93,1.39,68160.0,4630040.0,挂牌协议交易
2023-08-09,CEA,67.8,69.0,67.8,67.93,1.39,240000.0,16080000.0,大宗协议交易
2023-08-10,CEA,68.9,70.0,68.9,69.52,2.34,22200.0,1543280.0,挂牌协议交易
2023-08-10,CEA,68.9,70.0,68.9,69.52,2.34,150000.0,10050000.0,大宗协议交易
2023-08-11,CEA,70.0,70.0,69.5,69.9,0.55,9034.0,631432.5,挂牌协议交易
2023-08-11,CEA,70.0,70.0,69.5,69.9,0.55,110000.0,7370000.0,大宗协议交易
2023-08-14,CEA,67.1,71.0,67.1,68.33,-2.25,82112.0,5610732.0,挂牌协议交易
2023-08-14,CEA,67.1,71.0,67.1,68.33,-2.25,400000.0,20800000.0,大宗协议交易
2023-08-15,CEA,72.0,72.0,69.8,70.07,2.55,18609.0,1303865.0,挂牌协议交易
2023-08-16,CEA,70.0,70.0,70.0,70.0,-0.1,6147.0,430290.0,挂牌协议交易
2023-08-17,CEA,70.1,72.0,70.1,70.1,0.14,20002.0,1402142.2,挂牌协议交易
2023-08-17,CEA,70.1,72.0,70.1,70.1,0.14,1033900.0,57300850.0,大宗协议交易
2023-08-18,CEA,72.0,73.0,72.0,72.85,3.92,1298.0,94554.0,挂牌协议交易
2023-08-18,CEA,72.0,73.0,72.0,72.85,3.92,1483500.0,87183000.0,大宗协议交易
2023-08-21,CEA,67.5,67.5,67.5,67.5,-7.34,10123.0,683302.5,挂牌协议交易
2023-08-22,CEA,67.2,74.0,67.2,72.73,7.75,45328.0,3296741.6,挂牌协议交易
2023-08-22,CEA,67.2,74.0,67.2,72.73,7.75,370000.0,18500000.0,大宗协议交易
2023-08-23,CEA,75.0,75.0,74.0,74.76,2.79,84992.0,6354222.0,挂牌协议交易
2023-08-23,CEA,75.0,75.0,74.0,74.76,2.79,784816.0,49053033.47,大宗协议交易
2023-08-24,CEA,67.9,75.0,67.9,72.3,-3.29,42621.0,3081405.95,挂牌协议交易
2023-08-24,CEA,67.9,75.0,67.9,72.3,-3.29,371400.0,25049840.0,大宗协议交易
2023-08-25,CEA,66.02,75.0,66.02,73.06,1.05,24744.0,1807758.84,挂牌协议交易
2023-08-25,CEA,66.02,75.0,66.02,73.06,1.05,1199703.0,73933962.0,大宗协议交易
